id,email,first_name,last_name_prefix,last_name
1,dpettersen0@oracle.com,Dara,,Pettersen
2,tbremmer1@prnewswire.com,Tracie,van,Bremmer
3,vjaffrey2@aol.com,Viola,,Jaffrey
4,rspick3@about.com,Randy,,Spick
5,kdandie4@addthis.com,Kaine,,Dandie
6,eflucks5@dell.com,Edsel,,Flucks
7,ngrunguer6@weibo.com,Nestor,,Grunguer
8,odingle7@biblegateway.com,Osgood,,Dingle
9,mkonert8@yahoo.com,Maury,,Konert
10,vbartlet9@reuters.com,Viviyan,,Bartlet
11,mheynsa@twitter.com,Myra,,Heyns
12,fburwinb@netvibes.com,Florencia,,BURWIN
13,sdewsc@alibaba.com,Sibeal,,Dews
14,ewillischd@is.gd,Eloisa,,Willisch
15,oeverette@amazonaws.com,Olga,,Everett
16,apaprotnyf@squarespace.com,Alfy,,Paprotny
17,jdanielotg@home.pl,Janie,,Danielot
18,rwilloughbyh@mlb.com,Rowena,,Willoughby
19,egillbeei@gov.uk,Elisabetta,,Gillbee
20,mpayj@ustream.tv,Minnie,,Pay
